{
  "StopModule.tsx": [],
  "_app_archive/20251017-095824/app/profil.tsx": [],
  "_app_archive/20251017-150458/app/kart.android.tsx": [],
  "_app_archive/20251017-150458/app/kart.ios.tsx": [],
  "_app_archive/20251017-150458/app/kart.native.tsx": [],
  "_app_archive/20251017-150458/app/kart.web.tsx": [],
  "_app_archive/ConfettiBurst.tsx": [],
  "_app_archive/StopModule.tsx": [],
  "_app_archive/avatar.tsx": [
    "src/constants/flags.ts",
    "src/storage/profile.ts",
    "assets/avatars/eagle.png",
    "assets/avatars/wolf.png",
    "assets/avatars/bear.png",
    "assets/avatars/fox.png",
    "assets/avatars/owl.png",
    "assets/avatars/lynx.png"
  ],
  "_app_archive/home.tsx": [],
  "_app_archive/midlertidig/route-map.v2.js": [],
  "_app_archive/midlertidig/routeData.ts": [],
  "_app_archive/muligens relevante ved forandringer/routeGlobals.data.ts": [],
  "_app_archive/muligens relevante ved forandringer/routeNodes.ts": [],
  "_app_archive/play.tsx": [],
  "_app_archive/results.tsx": [],
  "_app_backup_2025-10-15_211817/+not-found.tsx": [],
  "_app_backup_2025-10-15_211817/_layout.tsx": [],
  "_app_backup_2025-10-15_211817/home.tsx": [],
  "_app_backup_2025-10-15_211817/index.tsx": [],
  "_app_backup_2025-10-15_211817/kart.android.tsx": [],
  "_app_backup_2025-10-15_211817/kart.ios.tsx": [],
  "_app_backup_2025-10-15_211817/kart.web.tsx": [],
  "_app_backup_2025-10-15_211817/play.tsx": [],
  "_app_backup_2025-10-15_211817/results.tsx": [],
  "_app_backup_2025-10-15_211817/start.tsx": [],
  "app/+not-found.tsx": [],
  "app/_layout.tsx": [],
  "app/index.tsx": [],
  "app/intro/1.tsx": [],
  "app/intro/2.tsx": [],
  "app/kart.tsx": [
    "assets/route/route-legs.json"
  ],
  "app/kart_webview.tsx": [
    "assets/route/route-legs.json"
  ],
  "app/play.tsx": [],
  "app/profile.tsx": [],
  "app/results.tsx": [],
  "app/start.tsx": [],
  "app/stop.tsx": [
    "StopModule.tsx"
  ],
  "assets/route/route-globals.js": [],
  "assets/route/route-map.v3.js": [],
  "assets/route/routeGlobals.data.ts": [],
  "babel.config.js": [],
  "components/ArrivalPoster.tsx": [],
  "components/HapticTab.tsx": [],
  "components/HelloWave.tsx": [],
  "components/IntroPoster.tsx": [
    "src/ui/UiText.tsx",
    "src/ui/PrimaryButton.tsx"
  ],
  "components/ParallaxScrollView.tsx": [],
  "components/ThemedText.tsx": [],
  "components/ThemedView.tsx": [],
  "components/bag/BagIcon.tsx": [
    "src/coat_images.ts"
  ],
  "components/bag/BagPanel.tsx": [
    "components/bag/bagStore.ts"
  ],
  "components/bag/bagStore.ts": [],
  "components/dev/DevHub.tsx": [],
  "components/map/MapViewSvg.tsx": [],
  "components/posters/PosterBase.tsx": [],
  "components/posters/UseHelpPoster.tsx": [],
  "components/ui/Collapsible.tsx": [],
  "components/ui/ExternalLink.tsx": [],
  "components/ui/IconSymbol.ios.tsx": [],
  "components/ui/IconSymbol.tsx": [],
  "components/ui/TabBarBackground.ios.tsx": [],
  "components/ui/TabBarBackground.tsx": [],
  "constants/Colors.ts": [],
  "eslint.config.js": [],
  "hooks/useColorScheme.ts": [],
  "hooks/useThemeColor.ts": [],
  "metro.config.js": [],
  "react-native-maps.web.ts": [],
  "src/app-moved/kartBus.ts": [],
  "src/banks/adapter.ts": [
    "src/banks/types.ts",
    "src/banks/local.ts"
  ],
  "src/banks/bonus.ts": [
    "src/banks/types.ts",
    "src/banks/util.ts"
  ],
  "src/banks/byer.ts": [
    "src/banks/types.ts",
    "src/banks/util.ts"
  ],
  "src/banks/cityAdapter.ts": [
    "src/banks/types.ts",
    "src/banks/adapter.ts"
  ],
  "src/banks/core.ts": [
    "src/banks/types.ts",
    "src/banks/util.ts"
  ],
  "src/banks/extraLife.ts": [
    "src/banks/types.ts",
    "src/banks/util.ts"
  ],
  "src/banks/flags.ts": [
    "src/banks/types.ts",
    "src/banks/util.ts"
  ],
  "src/banks/index.ts": [],
  "src/banks/lightning.ts": [
    "src/banks/types.ts"
  ],
  "src/banks/local.ts": [],
  "src/banks/reveal.ts": [],
  "src/banks/sequence.ts": [
    "src/banks/index.ts"
  ],
  "src/banks/stopQuizAdapter.ts": [],
  "src/banks/trick.ts": [
    "src/banks/types.ts",
    "src/banks/util.ts"
  ],
  "src/banks/types.ts": [],
  "src/banks/util.ts": [],
  "src/coat_images.ts": [],
  "src/config/game.ts": [],
  "src/constants/flags.ts": [],
  "src/data/coatLookup.ts": [
    "src/data/coat_images.ts"
  ],
  "src/data/coat_images.ts": [
    "assets/coats/alesund.png",
    "assets/coats/alta.png",
    "assets/coats/arendal.png",
    "assets/coats/atlanterhavsvegen.png",
    "assets/coats/bergen.png",
    "assets/coats/besseggen.png",
    "assets/coats/bodo.png",
    "assets/coats/dovrefjell.png",
    "assets/coats/drammen.png",
    "assets/coats/egersund.png",
    "assets/coats/farsund.png",
    "assets/coats/flekkefjord.png",
    "assets/coats/floro.png",
    "assets/coats/fredrikstad.png",
    "assets/coats/gaustatoppen.png",
    "assets/coats/gjovik.png",
    "assets/coats/grimstad.png",
    "assets/coats/halden.png",
    "assets/coats/hamar.png",
    "assets/coats/hammerfest.png",
    "assets/coats/harstad.png",
    "assets/coats/haugesund.png",
    "assets/coats/holmestrand.png",
    "assets/coats/honefoss.png",
    "assets/coats/horten.png",
    "assets/coats/kirkenes.png",
    "assets/coats/kongsberg.png",
    "assets/coats/kongsvinger.png",
    "assets/coats/kristiansand.png",
    "assets/coats/kristiansund.png",
    "assets/coats/larvik.png",
    "assets/coats/lillehammer.png",
    "assets/coats/lindesnes-fyr.png",
    "assets/coats/mandal.png",
    "assets/coats/mo-i-rana.png",
    "assets/coats/molde.png",
    "assets/coats/mosjoen.png",
    "assets/coats/moss.png",
    "assets/coats/namsos.png",
    "assets/coats/narvik.png",
    "assets/coats/nordkapp-plataet.png",
    "assets/coats/notodden.png",
    "assets/coats/oslo.png",
    "assets/coats/polarsirkelsenteret.png",
    "assets/coats/porsgrunn.png",
    "assets/coats/risor.png",
    "assets/coats/saltstraumen.png",
    "assets/coats/sandefjord.png",
    "assets/coats/sandnes.png",
    "assets/coats/sarpsborg.png",
    "assets/coats/skien.png",
    "assets/coats/skudeneshavn.png",
    "assets/coats/stavanger.png",
    "assets/coats/steinkjer.png",
    "assets/coats/tonsberg.png",
    "assets/coats/trollstigen.png",
    "assets/coats/tromso.png",
    "assets/coats/trondheim.png",
    "assets/coats/vadso.png",
    "assets/coats/vardo.png"
  ],
  "src/data/helpemidler.ts": [],
  "src/data/routeData.ts": [],
  "src/data/stops.ts": [],
  "src/data/stopsIndex.ts": [],
  "src/dev/EventLog.ts": [],
  "src/engine/conductor.ts": [],
  "src/engine/index.ts": [],
  "src/engine/types.ts": [],
  "src/features/profile/HomePhasePanel.tsx": [],
  "src/features/profile/ProfileManager.ts": [],
  "src/features/stop/StopPanel.tsx": [],
  "src/hooks/useCurrentStopIndex.ts": [],
  "src/lib/progressBus.ts": [],
  "src/map/projection.ts": [],
  "src/partials/PlayingPanels.tsx": [],
  "src/route/legsFromJson.ts": [
    "assets/route/route-legs.json"
  ],
  "src/route/stopsFromData.ts": [],
  "src/state/profile.ts": [],
  "src/state/route.ts": [],
  "src/state/run.ts": [],
  "src/stops/lillehammer.ts": [],
  "src/storage/index.ts": [],
  "src/storage/profile.ts": [],
  "src/theme/theme.ts": [],
  "src/types/route.ts": [],
  "src/ui/PrimaryButton.tsx": [],
  "src/ui/UiText.tsx": [],
  "tools/check-import-paths.js": [],
  "tools/fix-progressbus-import.js": [],
  "tools/make-phase-map.js": [],
  "tools/make-timer-map.js": [],
  "tools/patch-home-log.js": [],
  "tools/patch-meter-log.js": [],
  "tools/patch-play-onCorrect.js": [],
  "tools/patch-score-correct.js": [],
  "tools/report-imports.js": [],
  "tools/report-phases.js": [],
  "tools/report-timers.js": [],
  "tools/wire-conductor.js": [
    "src/engine/index.ts"
  ],
  "types/global.d.ts": []
}